{
  "rmse": 54.235353354562285,
  "r2": 0.44481138081448945
}